onset	duration	trial_type	value	sample
7.04	3.0	left_hand	1	1760
18.816	3.0	right_hand	2	4704
29.824	3.0	left_hand	1	7456
35.968	3.0	right_hand	2	8992
47.744	3.0	right_hand	2	11936
55.68	3.0	left_hand	1	13920
65.664	3.0	right_hand	2	16416
76.288	3.0	left_hand	1	19072
88.064	3.0	right_hand	2	22016
95.872	3.0	left_hand	1	23968
107.648	3.0	right_hand	2	26912
117.888	3.0	left_hand	1	29472
124.032	3.0	right_hand	2	31008
135.04	3.0	left_hand	1	33760
145.792	3.0	right_hand	2	36448
154.752	3.0	left_hand	1	38688
166.528	3.0	right_hand	2	41632
175.616	3.0	left_hand	1	43904
187.392	3.0	right_hand	2	46848
197.12	3.0	left_hand	1	49280
206.848	3.0	right_hand	2	51712
218.624	3.0	left_hand	1	54656
230.016	3.0	right_hand	2	57504
236.416	0.584	left_hand	1	59104
